2B,3B,AB,BA,BB,G,H,HBP,HR,OBP,OPS,PA,R,RBI,SF,SLG,SO,TB
10.4,1.2,179.5,0.32650000000000007,30.9,54.2,58.9,11.6,12.6,0.4489000000000001,1.0601,225.4,49.0,48.4,2.9,0.6113999999999999,40.7,109.5
