{"acc": 0.8437440250041015, "loss": 0.2512887823296062, "_timestamp": 1691776386.237306, "_runtime": 30.878884077072144, "_step": 7, "_wandb": {"runtime": 45}}