BB,BB9,BF,ER,ERA,G,GS,H,H9,HBP,HR,HR9,IP,L,R,SHO,SO,SO/W,SO9,SV,W,WHIP,WP
1.1699506937277835,0.18686847838550627,13.983992661392042,1.3854340098612545,0.21184989106753815,1.0,0.50921912624699,2.633933035202385,0.3818728356839812,0.24715284944387114,0.39379428964568286,0.05267675725260864,3.316866299736269,0.0657516339869281,1.57864694415778,0.0,4.794829721362229,0.2359354317165463,0.6488641210870314,0.073343653250774,0.3447379887627566,0.06310083132668272,0.3486618507051943
