2B,3B,AB,BA,BB,G,H,HBP,HR,OBP,OPS,PA,R,RBI,SF,SLG,SO,TB
0.21551949347759689,0.012005405723015453,3.509318540362064,0.006225932926608295,0.6640675358164856,1.0,1.1320444291625058,0.13643223256438286,0.230348333569675,0.00854748983266594,0.019976724048013622,4.398600105782863,0.9938263688928956,0.9227813545058587,0.04782012227451398,0.011430796613522984,0.7668922368774199,2.0626197347951587
